ID;FirstName;LastName;Age;Email;Country;Salary;Position;Experience;Department;Rating
1;Jane;Miller;39;jane.miller@test.edu;Japan;101178.81;Designer;11;Operations;4.4
2;Charlie;Davis;39;charlie.davis@random.io;Canada;55625.91;Technician;10;HR;2.6
3;Eve;Wilson;44;eve.wilson@example.com;France;60045.55;Designer;13;Legal;3.3
4;Frank;Johnson;21;frank.johnson@random.io;Canada;90350.7;Sales;10;Marketing;5.0
5;Isaac;Smith;33;isaac.smith@sample.net;UK;38921.73;Engineer;13;Marketing;4.3
6;Hannah;Johnson;45;hannah.johnson@demo.org;Italy;64849.05;Administrator;9;Finance;2.1
7;Alice;Taylor;42;alice.taylor@example.com;Japan;98596.69;Engineer;13;Marketing;2.0
8;Frank;Moore;27;frank.moore@sample.net;Australia;49635.97;Analyst;18;Marketing;4.0
9;Grace;Wilson;46;grace.wilson@sample.net;Germany;51284.57;Engineer;6;Sales;3.9
10;David;Miller;22;david.miller@demo.org;Japan;72377.09;Sales;10;Admin;3.7
11;Frank;Johnson;22;frank.johnson@test.edu;China;54826.96;Administrator;4;Admin;1.3
12;Grace;Moore;20;grace.moore@demo.org;USA;80112.08;Engineer;17;HR;1.8
13;Frank;Jones;42;frank.jones@demo.org;USA;87605.92;HR;9;Operations;3.2
14;Frank;Taylor;37;frank.taylor@random.io;France;74365.76;HR;3;Marketing;2.6
15;Hannah;Miller;40;hannah.miller@test.edu;Spain;39898.93;Engineer;2;Marketing;4.1
16;David;Williams;39;david.williams@random.io;Germany;103285.02;HR;12;IT;3.9
17;David;Moore;49;david.moore@demo.org;Australia;82307.07;Analyst;16;Operations;3.1
18;Charlie;Jones;49;charlie.jones@random.io;Germany;110539.41;Analyst;16;Sales;4.7
19;Bob;Brown;20;bob.brown@demo.org;China;105261.75;Analyst;12;Operations;1.7
20;Isaac;Williams;28;isaac.williams@random.io;Canada;36049.23;Developer;6;Sales;3.6
21;Eve;Jones;36;eve.jones@example.com;UK;89082.64;Engineer;19;Marketing;3.8
22;Jane;Wilson;46;jane.wilson@demo.org;Japan;34227.54;Consultant;16;Legal;1.6
23;Hannah;Williams;41;hannah.williams@sample.net;Australia;52939.48;HR;16;HR;1.6
24;Isaac;Jones;51;isaac.jones@example.com;USA;38417.3;Consultant;16;Engineering;4.6
25;Hannah;Smith;45;hannah.smith@sample.net;Germany;62053.09;HR;16;Marketing;2.3
26;Hannah;Johnson;18;hannah.johnson@sample.net;UK;112537.38;Administrator;14;Finance;2.0
27;Bob;Smith;40;bob.smith@random.io;USA;49394.4;Analyst;12;Operations;1.9
28;Isaac;Johnson;47;isaac.johnson@test.edu;Japan;43926.83;Sales;8;Operations;1.2
29;Charlie;Brown;33;charlie.brown@demo.org;USA;97604.1;Developer;1;Sales;1.6
30;Eve;Wilson;36;eve.wilson@test.edu;France;115480.25;Developer;2;Operations;4.8
31;Hannah;Jones;45;hannah.jones@demo.org;Germany;101765.75;Consultant;9;HR;4.4
32;Charlie;Moore;44;charlie.moore@test.edu;Canada;40128.96;Analyst;12;Operations;2.8
33;Grace;Johnson;62;grace.johnson@demo.org;Germany;42566.99;Engineer;15;Engineering;2.9
34;David;Wilson;30;david.wilson@example.com;France;98047.43;Developer;17;Engineering;4.6
35;Alice;Moore;35;alice.moore@test.edu;Italy;61985.08;Engineer;15;IT;2.0
36;Bob;Moore;45;bob.moore@sample.net;France;99192.92;Sales;17;Operations;1.8
37;Grace;Wilson;40;grace.wilson@example.com;Spain;91401.98;Analyst;18;Legal;3.6
38;Eve;Brown;61;eve.brown@example.com;Italy;110918.06;Manager;7;Engineering;1.1
39;Isaac;Wilson;36;isaac.wilson@example.com;Canada;32535.83;Engineer;20;Operations;2.7
40;Frank;Jones;32;frank.jones@random.io;Canada;89925.54;Analyst;5;HR;1.1
41;Alice;Moore;19;alice.moore@sample.net;France;45721.41;Consultant;3;Engineering;4.7
42;Jane;Smith;60;jane.smith@example.com;Germany;60508.22;Manager;12;Marketing;3.2
43;Frank;Moore;26;frank.moore@sample.net;Spain;40037.54;Sales;15;HR;2.0
44;Charlie;Brown;28;charlie.brown@test.edu;Italy;54570.62;HR;16;Research;4.1
45;Isaac;Jones;19;isaac.jones@example.com;Canada;110845.62;Designer;8;Operations;3.7
46;Grace;Smith;40;grace.smith@random.io;Canada;55313.93;HR;10;Finance;2.0
47;Bob;Davis;44;bob.davis@sample.net;Japan;89879.01;Technician;1;Engineering;3.2
48;Grace;Smith;59;grace.smith@demo.org;Germany;55626.47;Engineer;10;Admin;2.3
49;Alice;Moore;40;alice.moore@demo.org;Canada;109244.98;Sales;14;HR;4.3
50;Charlie;Davis;41;charlie.davis@random.io;France;74355.17;Administrator;15;Admin;2.7
